{"cameraMode":{"drawMode":0,"name":"Shaded","section":"Shading Mode"},"sceneLighting":false,"audioPlay":false,"sceneViewState":{"m_AlwaysRefresh":false,"showFog":true,"showSkybox":false,"showFlares":true,"showImageEffects":true,"showParticleSystems":true,"showVisualEffectGraphs":true,"m_FxEnabled":true},"in2DMode":false,"pivot":{"x":1.7511439323425294,"y":-0.8229427337646484,"z":-0.03814506530761719},"rotation":{"x":0.0996612161397934,"y":-0.5648965835571289,"z":0.06897477805614472,"w":0.8162161111831665},"size":5.801884651184082,"orthographic":false}